{
    "metadata": {
        "original_text_length_chars": 300,
        "word_count": 38,
        "unique_word_count": 31
    },
    "symbol_legend": {
        "*1": "bioinformatics",
        "*2": "is",
        "*3": "an",
        "*4": "interdisciplinary",
        "*5": "field",
        "*6": "that",
        "*7": "develops",
        "*8": "methods",
        "*9": "and",
        "*10": "software",
        "*11": "tools",
        "*12": "for",
        "*13": "understanding",
        "*14": "biological",
        "*15": "data",
        "*16": "especially",
        "*17": "when",
        "*18": "the",
        "*19": "sets",
        "*20": "are",
        "*21": "large",
        "*22": "complex",
        "*23": "as",
        "*24": "of",
        "*25": "science",
        "*26": "combines",
        "*27": "biology",
        "*28": "chemistry",
        "*29": "physics",
        "*30": "computer",
        "*31": "informati"
    },
    "transition_matrix": {
        "*1": {
            "*2": 0.5,
            "*26": 0.5
        },
        "*2": {
            "*3": 1.0
        },
        "*3": {
            "*4": 1.0
        },
        "*4": {
            "*5": 1.0
        },
        "*5": {
            "*6": 0.5,
            "*24": 0.5
        },
        "*6": {
            "*7": 1.0
        },
        "*7": {
            "*8": 1.0
        },
        "*8": {
            "*9": 1.0
        },
        "*9": {
            "*10": 0.5,
            "*22": 0.5
        },
        "*10": {
            "*11": 1.0
        },
        "*11": {
            "*12": 1.0
        },
        "*12": {
            "*13": 1.0
        },
        "*13": {
            "*14": 1.0
        },
        "*14": {
            "*15": 1.0
        },
        "*15": {
            "*16": 0.5,
            "*19": 0.5
        },
        "*16": {
            "*17": 1.0
        },
        "*17": {
            "*18": 1.0
        },
        "*18": {
            "*15": 1.0
        },
        "*19": {
            "*20": 1.0
        },
        "*20": {
            "*21": 1.0
        },
        "*21": {
            "*9": 1.0
        },
        "*22": {
            "*23": 1.0
        },
        "*23": {
            "*3": 1.0
        },
        "*24": {
            "*25": 1.0
        },
        "*25": {
            "*1": 0.5,
            "*31": 0.5
        },
        "*26": {
            "*27": 1.0
        },
        "*27": {
            "*28": 1.0
        },
        "*28": {
            "*29": 1.0
        },
        "*29": {
            "*30": 1.0
        },
        "*30": {
            "*25": 1.0
        }
    }
}